-- phpMyAdmin SQL Dump
-- version 5.2.1
-- https://www.phpmyadmin.net/
--
-- Hôte : 127.0.0.1
-- Généré le : mer. 11 fév. 2026 à 00:15
-- Version du serveur : 10.4.32-MariaDB
-- Version de PHP : 8.2.12

SET SQL_MODE = "NO_AUTO_VALUE_ON_ZERO";
START TRANSACTION;
SET time_zone = "+00:00";


/*!40101 SET @OLD_CHARACTER_SET_CLIENT=@@CHARACTER_SET_CLIENT */;
/*!40101 SET @OLD_CHARACTER_SET_RESULTS=@@CHARACTER_SET_RESULTS */;
/*!40101 SET @OLD_COLLATION_CONNECTION=@@COLLATION_CONNECTION */;
/*!40101 SET NAMES utf8mb4 */;

--
-- Base de données : `visit_algeria`
--

-- --------------------------------------------------------

--
-- Structure de la table `admin_users`
--

CREATE TABLE `admin_users` (
  `id` int(11) NOT NULL,
  `username` varchar(50) NOT NULL,
  `email` varchar(100) NOT NULL,
  `password_hash` varchar(255) NOT NULL,
  `role` enum('admin','editor') NOT NULL DEFAULT 'editor',
  `created_at` timestamp NOT NULL DEFAULT current_timestamp()
) ENGINE=InnoDB DEFAULT CHARSET=utf8mb4 COLLATE=utf8mb4_unicode_ci;

--
-- Déchargement des données de la table `admin_users`
--

INSERT INTO `admin_users` (`id`, `username`, `email`, `password_hash`, `role`, `created_at`) VALUES
(2, 'admin', 'admin@visitalgeria.dz', '$2b$10$HdS/7KmSqwP/ZQkFb8zxKOvWQo0mVzcRc90FZzhscq/OMWkxoFAH2', 'admin', '2026-02-10 19:46:24');

-- --------------------------------------------------------

--
-- Structure de la table `calendar_items`
--

CREATE TABLE `calendar_items` (
  `id` int(11) NOT NULL,
  `month_id` int(11) NOT NULL,
  `title_en` varchar(100) NOT NULL,
  `title_ar` varchar(100) NOT NULL,
  `image_url` varchar(500) DEFAULT NULL,
  `sort_order` int(11) NOT NULL DEFAULT 0,
  `is_active` tinyint(1) NOT NULL DEFAULT 1
) ENGINE=InnoDB DEFAULT CHARSET=utf8mb4 COLLATE=utf8mb4_unicode_ci;

--
-- Déchargement des données de la table `calendar_items`
--

INSERT INTO `calendar_items` (`id`, `month_id`, `title_en`, `title_ar`, `image_url`, `sort_order`, `is_active`) VALUES
(1, 1, 'Christmas Markets', '?????????? ?????? ??????????????', 'https://images.unsplash.com/photo-1512389142860-9c449e58a814?w=300&fit=crop', 1, 1),
(2, 1, 'New Year\'s Eve', '???????? ?????? ??????????', 'https://images.unsplash.com/photo-1467810563316-b5476525c0f9?w=300&fit=crop', 2, 1),
(3, 1, 'Winter Hiking', '?????????? ???? ????????????', 'https://images.unsplash.com/photo-1551524559-8af4e6624178?w=300&fit=crop', 3, 1),
(4, 1, 'Ski Season', '???????? ????????????', 'https://images.unsplash.com/photo-1551698618-1dfe5d97d256?w=300&fit=crop', 4, 1),
(5, 1, 'Fondue Nights', '?????????? ??????????????', 'https://images.unsplash.com/photo-1530549387789-4c1017266635?w=300&fit=crop', 5, 1),
(6, 1, 'Ice Skating', '???????????? ?????? ????????????', 'https://images.unsplash.com/photo-1551524559-8af4e6624178?w=300&fit=crop', 6, 1),
(7, 1, 'Spa & Wellness', '?????? ?? ??????????????', 'https://images.unsplash.com/photo-1540555700478-4be289fbecef?w=300&fit=crop', 7, 1),
(8, 1, 'Snow Shoeing', '?????????? ?????? ??????????', 'https://images.unsplash.com/photo-1491002052546-bf38f186af56?w=300&fit=crop', 8, 1);

-- --------------------------------------------------------

--
-- Structure de la table `calendar_months`
--

CREATE TABLE `calendar_months` (
  `id` int(11) NOT NULL,
  `name_en` varchar(30) NOT NULL,
  `name_ar` varchar(30) NOT NULL,
  `sort_order` int(11) NOT NULL DEFAULT 0,
  `is_active` tinyint(1) NOT NULL DEFAULT 1
) ENGINE=InnoDB DEFAULT CHARSET=utf8mb4 COLLATE=utf8mb4_unicode_ci;

--
-- Déchargement des données de la table `calendar_months`
--

INSERT INTO `calendar_months` (`id`, `name_en`, `name_ar`, `sort_order`, `is_active`) VALUES
(1, 'December', '????????????', 1, 1),
(2, 'January', '??????????', 2, 1),
(3, 'February', '????????????', 3, 1),
(4, 'March', '????????', 4, 1);

-- --------------------------------------------------------

--
-- Structure de la table `destinations`
--

CREATE TABLE `destinations` (
  `id` int(11) NOT NULL,
  `name_en` varchar(100) NOT NULL,
  `name_ar` varchar(100) NOT NULL,
  `description_en` text DEFAULT NULL,
  `description_ar` text DEFAULT NULL,
  `image_url` varchar(500) DEFAULT NULL,
  `sort_order` int(11) NOT NULL DEFAULT 0,
  `is_active` tinyint(1) NOT NULL DEFAULT 1
) ENGINE=InnoDB DEFAULT CHARSET=utf8mb4 COLLATE=utf8mb4_unicode_ci;

--
-- Déchargement des données de la table `destinations`
--

INSERT INTO `destinations` (`id`, `name_en`, `name_ar`, `description_en`, `description_ar`, `image_url`, `sort_order`, `is_active`) VALUES
(1, 'Algiers', 'الجزائر', '', '', 'https://images.unsplash.com/photo-1599423300746-b62533397364?w=600&h=400&fit=crop', 1, 1),
(2, 'Constantine', '??????????????', NULL, NULL, 'https://images.unsplash.com/photo-1569288063643-5d29ad64df09?w=600&h=400&fit=crop', 2, 1),
(3, 'Oran', '??????????', NULL, NULL, 'https://images.unsplash.com/photo-1566073771259-6a8506099945?w=600&h=400&fit=crop', 3, 1),
(4, 'Tlemcen', '????????????', NULL, NULL, 'https://images.unsplash.com/photo-1590076083220-8e12f9f8d6b7?w=600&h=400&fit=crop', 4, 1),
(5, 'B??ja??a', '??????????', NULL, NULL, 'https://images.unsplash.com/photo-1544551763-46a013bb70d5?w=600&h=400&fit=crop', 5, 1),
(6, 'Gharda??a', '????????????', NULL, NULL, 'https://images.unsplash.com/photo-1548625149-fc4a29cf7092?w=600&h=400&fit=crop', 6, 1),
(7, 'Annaba', '??????????', NULL, NULL, 'https://images.unsplash.com/photo-1533929736562-6f2cded85c6c?w=600&h=400&fit=crop', 7, 1),
(8, 'Tamanrasset', '??????????????', NULL, NULL, 'https://images.unsplash.com/photo-1509316785289-025f5b846b35?w=600&h=400&fit=crop', 8, 1);

-- --------------------------------------------------------

--
-- Structure de la table `discover_cards`
--

CREATE TABLE `discover_cards` (
  `id` int(11) NOT NULL,
  `title_en` varchar(150) NOT NULL,
  `title_ar` varchar(150) NOT NULL,
  `image_url` varchar(500) DEFAULT NULL,
  `card_size` enum('title','wide','narrow') NOT NULL DEFAULT 'wide',
  `sort_order` int(11) NOT NULL DEFAULT 0,
  `is_active` tinyint(1) NOT NULL DEFAULT 1
) ENGINE=InnoDB DEFAULT CHARSET=utf8mb4 COLLATE=utf8mb4_unicode_ci;

--
-- Déchargement des données de la table `discover_cards`
--

INSERT INTO `discover_cards` (`id`, `title_en`, `title_ar`, `image_url`, `card_size`, `sort_order`, `is_active`) VALUES
(1, 'Creator\'s Cut', '???????????? ????????????????', NULL, 'title', 1, 1),
(2, 'Autumn Discovery', '???????????? ????????????', NULL, 'wide', 2, 1),
(3, 'Sustainable Destinations', '?????????? ??????????????', NULL, 'narrow', 3, 1);

-- --------------------------------------------------------

--
-- Structure de la table `discover_categories`
--

CREATE TABLE `discover_categories` (
  `id` int(11) NOT NULL,
  `name_en` varchar(100) NOT NULL,
  `name_ar` varchar(100) NOT NULL,
  `sort_order` int(11) NOT NULL DEFAULT 0,
  `is_active` tinyint(1) NOT NULL DEFAULT 1
) ENGINE=InnoDB DEFAULT CHARSET=utf8mb4 COLLATE=utf8mb4_unicode_ci;

--
-- Déchargement des données de la table `discover_categories`
--

INSERT INTO `discover_categories` (`id`, `name_en`, `name_ar`, `sort_order`, `is_active`) VALUES
(1, 'Art & Culture', '???????? ????????????????', 1, 1),
(2, 'Architecture', '??????????????', 2, 1),
(3, 'Museums', '??????????????', 3, 1);

-- --------------------------------------------------------

--
-- Structure de la table `discover_items`
--

CREATE TABLE `discover_items` (
  `id` int(11) NOT NULL,
  `category_id` int(11) NOT NULL,
  `title_en` varchar(150) NOT NULL,
  `title_ar` varchar(150) NOT NULL,
  `description_en` text DEFAULT NULL,
  `description_ar` text DEFAULT NULL,
  `tag_en` varchar(50) DEFAULT NULL,
  `tag_ar` varchar(50) DEFAULT NULL,
  `image_url` varchar(500) DEFAULT NULL,
  `card_size` enum('small','medium','large') NOT NULL DEFAULT 'medium',
  `sort_order` int(11) NOT NULL DEFAULT 0,
  `is_active` tinyint(1) NOT NULL DEFAULT 1
) ENGINE=InnoDB DEFAULT CHARSET=utf8mb4 COLLATE=utf8mb4_unicode_ci;

--
-- Déchargement des données de la table `discover_items`
--

INSERT INTO `discover_items` (`id`, `category_id`, `title_en`, `title_ar`, `description_en`, `description_ar`, `tag_en`, `tag_ar`, `image_url`, `card_size`, `sort_order`, `is_active`) VALUES
(1, 1, 'Traditional Crafts', '?????????? ??????????????????', 'Discover centuries-old artisan techniques passed down through generations.', '?????????? ???????????? ?????????? ?????????? ???????? ???????????????? ??????????????.', NULL, NULL, 'https://images.unsplash.com/photo-1590073242678-70ee3fc28e8e?w=800&fit=crop', 'medium', 1, 1),
(2, 1, 'Music & Rhythms', '???????????????? ????????????????????', 'From chaabi to ra??, explore Algeria\'s rich musical heritage.', '???? ???????????? ?????? ???????????? ???????????? ???????????? ???????????????? ?????????? ??????????????.', NULL, NULL, 'https://images.unsplash.com/photo-1511379938547-c1f69419868d?w=800&fit=crop', 'medium', 2, 1),
(3, 1, 'Cultural Events', '?????????????????? ????????????????', 'Year-round festivals celebrating Algeria\'s diverse cultural identity.', '???????????????? ?????? ???????? ?????????? ?????????? ?????????????? ???????????????? ???????????????? ??????????????.', NULL, NULL, 'https://images.unsplash.com/photo-1492684223066-81342ee5ff30?w=800&fit=crop', 'medium', 3, 1),
(4, 2, 'Casbah of Algiers', '???????? ??????????????', NULL, NULL, NULL, NULL, 'https://images.unsplash.com/photo-1583422409516-2895a77efded?w=800&fit=crop', 'large', 1, 1),
(5, 2, 'Great Mosque', '???????????? ????????????', NULL, NULL, NULL, NULL, 'https://images.unsplash.com/photo-1542662565-7e4b66bae529?w=600&fit=crop', 'small', 2, 1),
(6, 2, 'Constantine', '??????????????', NULL, NULL, NULL, NULL, 'https://images.unsplash.com/photo-1565967511849-76a60a516170?w=600&fit=crop', 'small', 3, 1),
(7, 2, 'Timgad Ruins', '?????????? ????????????', NULL, NULL, NULL, NULL, 'https://images.unsplash.com/photo-1524995997946-a1c2e315a42f?w=800&fit=crop', 'medium', 4, 1);

-- --------------------------------------------------------

--
-- Structure de la table `events`
--

CREATE TABLE `events` (
  `id` int(11) NOT NULL,
  `title_en` varchar(200) NOT NULL,
  `title_ar` varchar(200) NOT NULL,
  `description_en` text DEFAULT NULL,
  `description_ar` text DEFAULT NULL,
  `category` enum('festivals','exhibitions','concerts','sports','other') NOT NULL DEFAULT 'other',
  `region` varchar(100) DEFAULT NULL,
  `location` varchar(200) DEFAULT NULL,
  `address` varchar(300) DEFAULT NULL,
  `place` varchar(200) DEFAULT NULL,
  `date_start` date DEFAULT NULL,
  `date_end` date DEFAULT NULL,
  `time_start` time DEFAULT NULL,
  `time_end` time DEFAULT NULL,
  `image_url` varchar(500) DEFAULT NULL,
  `contact_phone` varchar(30) DEFAULT NULL,
  `contact_email` varchar(100) DEFAULT NULL,
  `homepage` varchar(300) DEFAULT NULL,
  `is_featured` tinyint(1) NOT NULL DEFAULT 0,
  `sort_order` int(11) NOT NULL DEFAULT 0,
  `is_active` tinyint(1) NOT NULL DEFAULT 1,
  `created_at` timestamp NOT NULL DEFAULT current_timestamp()
) ENGINE=InnoDB DEFAULT CHARSET=utf8mb4 COLLATE=utf8mb4_unicode_ci;

--
-- Déchargement des données de la table `events`
--

INSERT INTO `events` (`id`, `title_en`, `title_ar`, `description_en`, `description_ar`, `category`, `region`, `location`, `address`, `place`, `date_start`, `date_end`, `time_start`, `time_end`, `image_url`, `contact_phone`, `contact_email`, `homepage`, `is_featured`, `sort_order`, `is_active`, `created_at`) VALUES
(1, 'Sahara Cultural Festival', '???????????? ?????????????? ??????????????', 'Experience the vibrant traditions of the Tuareg people through music, dance, and storytelling under a canopy of stars in the world\'s greatest desert.', '?????? ???????????? ?????????????? ?????????????? ?????????????? ???? ???????? ???????????????? ???????????? ???????? ?????????? ?????? ???????? ?????????? ?????????????? ???? ???????? ?????????? ???? ????????????.', 'festivals', 'Tamanrasset', 'Tamanrasset, Sahara', NULL, NULL, '2025-12-15', '2025-12-20', '18:00:00', '23:00:00', 'https://images.unsplash.com/photo-1575664274476-e02d99195164?w=800&fit=crop', NULL, NULL, NULL, 1, 1, 1, '2026-02-10 19:36:12'),
(2, 'Timgad International Music Festival', '???????????? ???????????? ???????????? ????????????????', 'A legendary open-air concert held in the ancient Roman theater of Timgad. World-class artists perform against a backdrop of 2,000-year-old ruins.', '?????? ???????????? ???????????? ???? ???????????? ?????????? ?????????? ???? ???????????? ???????????????? ???????????? ??????????????. ???????????? ?????????????? ?????????? ?????? ?????????? ?????????? ?????????? 2000 ??????.', 'concerts', 'Batna', 'Timgad', NULL, NULL, '2025-07-05', '2025-07-12', '19:00:00', '01:00:00', 'https://images.unsplash.com/photo-1549145177-238518f1ec1a?w=800&fit=crop', NULL, NULL, NULL, 1, 2, 1, '2026-02-10 19:36:12'),
(3, 'Mediterranean Coastal Tour', '???????? ???????????? ????????????????', 'Discover Algeria\'s stunning 1,200km coastline with pristine beaches, hidden coves, and charming coastal towns. Crystal-clear waters and fresh seafood await.', '?????????? ???????? ?????????????? ???????????? ???????????? ?????? 1200 ???? ???? ?????????? ???????? ???????????? ?????????? ???????? ???????????? ??????????.', 'other', 'Multiple', 'Algerian Coast', NULL, NULL, '2025-05-01', '2025-09-30', '08:00:00', '20:00:00', 'https://images.unsplash.com/photo-1642088995585-e97a4af093ef?w=800&fit=crop', NULL, NULL, NULL, 1, 3, 1, '2026-02-10 19:36:12'),
(4, 'Timgad Festival', '???????????? ????????????', 'Annual international music festival at the Roman theater of Timgad.', '???????????? ???????????????? ???????????? ???????????? ???? ???????????? ???????????????? ??????????????.', 'festivals', 'Batna', 'Timgad', NULL, NULL, '2025-07-05', '2025-07-12', '19:00:00', '01:00:00', 'https://images.unsplash.com/photo-1514525253161-7a46d19cd819?w=600&fit=crop', NULL, NULL, NULL, 0, 4, 1, '2026-02-10 19:36:12'),
(5, 'Puppet Festival', '???????????? ??????????', 'International puppet theater festival.', '???????????? ???????? ?????????? ????????????.', 'festivals', 'A??n T??mouchent', 'A??n T??mouchent', NULL, NULL, '2025-08-15', '2025-08-20', '10:00:00', '18:00:00', 'https://images.unsplash.com/photo-1578662996442-48f60103fc96?w=600&fit=crop', NULL, NULL, NULL, 0, 5, 1, '2026-02-10 19:36:12'),
(6, 'Sbiba Festival', '???????????? ??????????????', 'Traditional Tuareg celebration in the heart of the Sahara.', '???????????? ???????????? ?????????????? ???? ?????? ??????????????.', 'festivals', 'Illizi', 'Djanet, Sahara', NULL, NULL, '2025-09-10', '2025-09-12', '08:00:00', '23:00:00', 'https://images.unsplash.com/photo-1509316785289-025f5b846b35?w=600&fit=crop', NULL, NULL, NULL, 0, 6, 1, '2026-02-10 19:36:12');

-- --------------------------------------------------------

--
-- Structure de la table `event_gallery`
--

CREATE TABLE `event_gallery` (
  `id` int(11) NOT NULL,
  `event_id` int(11) NOT NULL,
  `image_url` varchar(500) NOT NULL,
  `sort_order` int(11) NOT NULL DEFAULT 0
) ENGINE=InnoDB DEFAULT CHARSET=utf8mb4 COLLATE=utf8mb4_unicode_ci;

-- --------------------------------------------------------

--
-- Structure de la table `event_tags`
--

CREATE TABLE `event_tags` (
  `id` int(11) NOT NULL,
  `event_id` int(11) NOT NULL,
  `tag_en` varchar(50) NOT NULL,
  `tag_ar` varchar(50) NOT NULL
) ENGINE=InnoDB DEFAULT CHARSET=utf8mb4 COLLATE=utf8mb4_unicode_ci;

--
-- Déchargement des données de la table `event_tags`
--

INSERT INTO `event_tags` (`id`, `event_id`, `tag_en`, `tag_ar`) VALUES
(1, 1, 'Festival', '????????????'),
(2, 1, 'Culture', '??????????'),
(3, 2, 'Music', '????????????'),
(4, 2, 'Heritage', '????????'),
(5, 3, 'Beach', '????????'),
(6, 3, 'Nature', '??????????');

-- --------------------------------------------------------

--
-- Structure de la table `hero_slides`
--

CREATE TABLE `hero_slides` (
  `id` int(11) NOT NULL,
  `title_en` varchar(100) NOT NULL,
  `title_ar` varchar(100) NOT NULL,
  `video_url` varchar(500) DEFAULT NULL,
  `sort_order` int(11) NOT NULL DEFAULT 0,
  `is_active` tinyint(1) NOT NULL DEFAULT 1
) ENGINE=InnoDB DEFAULT CHARSET=utf8mb4 COLLATE=utf8mb4_unicode_ci;

--
-- Déchargement des données de la table `hero_slides`
--

INSERT INTO `hero_slides` (`id`, `title_en`, `title_ar`, `video_url`, `sort_order`, `is_active`) VALUES
(1, 'Summer Vacationsss', 'العطلات الصيفية', '/uploads/hero-slides/1770764778287-256602687.mp4', 1, 1),
(2, 'Beaches', '??????????????', NULL, 2, 1),
(3, 'Family Activities', '?????????? ????????????', NULL, 3, 1),
(4, 'Historical Sites', '?????????????? ??????????????????', NULL, 4, 1),
(5, 'Mountains', '????????????', NULL, 5, 1),
(6, 'Hiking', '?????????? ?????????????? ??????????', NULL, 6, 1),
(7, 'Sahara Desert', '?????????????? ????????????', NULL, 8, 1),
(9, '21', '12', '/uploads/hero-slides/1770764825797-358382957.mp4', 3, 1);

-- --------------------------------------------------------

--
-- Structure de la table `panoramas`
--

CREATE TABLE `panoramas` (
  `id` int(11) NOT NULL,
  `title_en` varchar(150) NOT NULL,
  `title_ar` varchar(150) NOT NULL,
  `tag_en` varchar(50) DEFAULT NULL,
  `tag_ar` varchar(50) DEFAULT NULL,
  `image_url` varchar(500) DEFAULT NULL,
  `sort_order` int(11) NOT NULL DEFAULT 0,
  `is_active` tinyint(1) NOT NULL DEFAULT 1
) ENGINE=InnoDB DEFAULT CHARSET=utf8mb4 COLLATE=utf8mb4_unicode_ci;

--
-- Déchargement des données de la table `panoramas`
--

INSERT INTO `panoramas` (`id`, `title_en`, `title_ar`, `tag_en`, `tag_ar`, `image_url`, `sort_order`, `is_active`) VALUES
(1, 'Tassili n\'Ajjer', '???????????? ????????', 'Featured', '????????', 'https://images.unsplash.com/photo-1509114397022-ed747cca3f65?w=1200&fit=crop', 1, 1),
(2, 'Sahara Peaks', '?????????? ??????????????', 'Popular', '????????', 'https://images.unsplash.com/photo-1509660933844-6910e12765a0?w=1200&fit=crop', 2, 1);

-- --------------------------------------------------------

--
-- Structure de la table `site_settings`
--

CREATE TABLE `site_settings` (
  `id` int(11) NOT NULL,
  `setting_key` varchar(50) NOT NULL,
  `setting_value` text DEFAULT NULL
) ENGINE=InnoDB DEFAULT CHARSET=utf8mb4 COLLATE=utf8mb4_unicode_ci;

--
-- Déchargement des données de la table `site_settings`
--

INSERT INTO `site_settings` (`id`, `setting_key`, `setting_value`) VALUES
(1, 'unesco_badge_en', 'UNESCO World Heritage'),
(2, 'unesco_badge_ar', '???????????? ?????????????? ????????????????'),
(3, 'unesco_headline_en', 'Discover Algeria\'s UNESCO World Heritage Sites'),
(4, 'unesco_headline_ar', '?????????? ?????????? ???????????? ?????????????? ???? ??????????????'),
(5, 'unesco_description_en', 'Algeria is home to seven exceptional sites recognized by UNESCO for their outstanding universal value.'),
(6, 'unesco_description_ar', '?????? ?????????????? ???????? ?????????? ?????????????????? ?????????? ?????? ???? ?????? ???????????????? ?????????????? ???????????????? ????????????????.'),
(7, 'unesco_cta_en', 'Explore Heritage Sites'),
(8, 'unesco_cta_ar', '???????????? ?????????? ????????????'),
(9, 'hero_subtitle_en', 'Discover the beauty of Algeria'),
(10, 'hero_subtitle_ar', '?????????? ???????? ??????????????'),
(11, 'footer_tagline_en', 'Your gateway to Algeria\'s beauty and heritage.'),
(12, 'footer_tagline_ar', '???????????? ?????????? ?????????????? ??????????????.'),
(13, 'contact_address', '02, Rue Amar El Kama, Algiers, Algeria'),
(14, 'contact_phone', '+213 (0) 21 71 30 60'),
(15, 'contact_email', 'contact@visitalgeria.dz');

-- --------------------------------------------------------

--
-- Structure de la table `suggestions`
--

CREATE TABLE `suggestions` (
  `id` int(11) NOT NULL,
  `tag_en` varchar(50) NOT NULL,
  `tag_ar` varchar(50) NOT NULL,
  `title_en` varchar(150) NOT NULL,
  `title_ar` varchar(150) NOT NULL,
  `description_en` text NOT NULL,
  `description_ar` text NOT NULL,
  `image_url` varchar(500) DEFAULT NULL,
  `sort_order` int(11) NOT NULL DEFAULT 0,
  `is_active` tinyint(1) NOT NULL DEFAULT 1
) ENGINE=InnoDB DEFAULT CHARSET=utf8mb4 COLLATE=utf8mb4_unicode_ci;

--
-- Déchargement des données de la table `suggestions`
--

INSERT INTO `suggestions` (`id`, `tag_en`, `tag_ar`, `title_en`, `title_ar`, `description_en`, `description_ar`, `image_url`, `sort_order`, `is_active`) VALUES
(1, 'Top Attractions', '???????? ??????????????', 'The Aur??s Mountains', '???????? ??????????????', 'Discover the majestic Aur??s mountains, home to ancient Berber civilizations, dramatic gorges, and traditional villages perched on rocky cliffs.', '?????????? ???????? ?????????????? ???????????????? ???????? ???????????????? ???????????????????? ?????????????? ?????????????????? ???????????????????????? ???????????? ??????????????????.', NULL, 1, 1),
(2, 'World Heritage', '???????? ??????????', 'Timgad Roman City', '?????????? ???????????? ??????????????????', 'Walk through the remarkably preserved ruins of this Roman colonial city founded by Emperor Trajan around 100 AD.', '???????? ???? ?????????????? ???????????????? ???????? ???????? ???????? ?????????????? ?????????????????????? ??????????????????.', NULL, 2, 1),
(3, 'Nature', '??????????', 'Djurdjura National Park', '?????????? ?????????? ??????????????', 'Experience the breathtaking landscapes of the Djurdjura range, from snow-capped peaks to lush cedar forests.', '?????? ?????????????? ???????????????? ?????????????? ???????????? ?????????? ???? ?????????? ?????????????? ?????????????? ?????? ?????????? ??????????.', NULL, 3, 1);

-- --------------------------------------------------------

--
-- Structure de la table `tour_locations`
--

CREATE TABLE `tour_locations` (
  `id` int(11) NOT NULL,
  `title_en` varchar(150) NOT NULL,
  `title_ar` varchar(150) NOT NULL,
  `description_en` text DEFAULT NULL,
  `description_ar` text DEFAULT NULL,
  `image_url` varchar(500) DEFAULT NULL,
  `matterport_url` varchar(500) DEFAULT NULL,
  `sort_order` int(11) NOT NULL DEFAULT 0,
  `is_active` tinyint(1) NOT NULL DEFAULT 1
) ENGINE=InnoDB DEFAULT CHARSET=utf8mb4 COLLATE=utf8mb4_unicode_ci;

--
-- Déchargement des données de la table `tour_locations`
--

INSERT INTO `tour_locations` (`id`, `title_en`, `title_ar`, `description_en`, `description_ar`, `image_url`, `matterport_url`, `sort_order`, `is_active`) VALUES
(1, 'Gharda??a: The M\'zab Valley', '????????????: ???????? ??????????', 'Explore the fortified cities of the M\'zab valley. A masterpiece of medieval architecture, perfectly adapted to the desert environment.', '???????????? ?????????? ?????????????? ???? ???????? ??????????. ???????? ???? ?????????????? ?????????????????? ???? ???????????? ????????????.', 'https://images.unsplash.com/photo-1587974928442-77dc3e0dba72?w=800&fit=crop', 'https://my.matterport.com/show/?m=M6gCqdgrcmQ', 1, 1),
(2, 'Timgad: The Roman Outpost', '????????????: ?????????? ????????????????', 'Walk through the remarkably preserved Roman colonial city founded by Emperor Trajan around 100 AD.', '???????? ???? ?????????????? ?????????????????????? ?????????????????? ???????????????? ???????? ???????? ???????? ?????????? ???????????????????? ????????????.', 'https://images.unsplash.com/photo-1549145177-238518f1ec1a?w=800&fit=crop', 'https://my.matterport.com/show/?m=M6gCqdgrcmQ', 2, 1),
(3, 'Casbah of Algiers', '???????? ??????????????', 'Navigate the labyrinthine streets of the historic Casbah, a UNESCO World Heritage Site since 1992.', '???????? ?????? ?????????????? ?????????????? ???????????? ???????????????????? ???????? ???????? ?????????? ???????????????? ?????? 1992.', 'https://images.unsplash.com/photo-1571115764595-644a1f56a55c?w=800&fit=crop', 'https://my.matterport.com/show/?m=M6gCqdgrcmQ', 3, 1);

-- --------------------------------------------------------

--
-- Structure de la table `tour_location_tags`
--

CREATE TABLE `tour_location_tags` (
  `id` int(11) NOT NULL,
  `tour_location_id` int(11) NOT NULL,
  `tag_en` varchar(50) NOT NULL,
  `tag_ar` varchar(50) NOT NULL
) ENGINE=InnoDB DEFAULT CHARSET=utf8mb4 COLLATE=utf8mb4_unicode_ci;

--
-- Déchargement des données de la table `tour_location_tags`
--

INSERT INTO `tour_location_tags` (`id`, `tour_location_id`, `tag_en`, `tag_ar`) VALUES
(1, 1, 'UNESCO', '????????????'),
(2, 1, 'Architecture', '??????????'),
(3, 1, '360??', '360??'),
(4, 2, 'History', '??????????'),
(5, 2, 'Ruins', '??????????'),
(6, 2, 'Interactive', '????????????'),
(7, 3, 'Culture', '??????????'),
(8, 3, 'Labyrinth', '??????????'),
(9, 3, 'Audio', '????????');

-- --------------------------------------------------------

--
-- Structure de la table `unesco_sites`
--

CREATE TABLE `unesco_sites` (
  `id` int(11) NOT NULL,
  `name_en` varchar(100) NOT NULL,
  `name_ar` varchar(100) NOT NULL,
  `year_inscribed` varchar(30) NOT NULL,
  `year_inscribed_ar` varchar(30) NOT NULL,
  `image_url` varchar(500) DEFAULT NULL,
  `description_en` text DEFAULT NULL,
  `description_ar` text DEFAULT NULL,
  `sort_order` int(11) NOT NULL DEFAULT 0,
  `is_active` tinyint(1) NOT NULL DEFAULT 1
) ENGINE=InnoDB DEFAULT CHARSET=utf8mb4 COLLATE=utf8mb4_unicode_ci;

--
-- Déchargement des données de la table `unesco_sites`
--

INSERT INTO `unesco_sites` (`id`, `name_en`, `name_ar`, `year_inscribed`, `year_inscribed_ar`, `image_url`, `description_en`, `description_ar`, `sort_order`, `is_active`) VALUES
(1, 'Tipasa', '????????????', 'Inscribed 1982', '?????????? 1982', 'https://images.unsplash.com/photo-1583422409516-2895a77efded?w=800&fit=crop', NULL, NULL, 1, 1),
(2, 'Dj??mila', '??????????', 'Inscribed 1982', '?????????? 1982', 'https://images.unsplash.com/photo-1524995997946-a1c2e315a42f?w=800&fit=crop', NULL, NULL, 2, 1),
(3, 'Timgad', '????????????', 'Inscribed 1982', '?????????? 1982', 'https://images.unsplash.com/photo-1549145177-238518f1ec1a?w=800&fit=crop', NULL, NULL, 3, 1),
(4, 'M\'Zab Valley', '???????? ??????????', 'Inscribed 1982', '?????????? 1982', 'https://images.unsplash.com/photo-1587974928442-77dc3e0dba72?w=800&fit=crop', NULL, NULL, 4, 1),
(5, 'Tassili n\'Ajjer', '???????????? ????????', 'Inscribed 1982', '?????????? 1982', 'https://images.unsplash.com/photo-1575664274476-e02d99195164?w=800&fit=crop', NULL, NULL, 5, 1),
(6, 'Casbah of Algiers', '???????? ??????????????', 'Inscribed 1992', '?????????? 1992', 'https://images.unsplash.com/photo-1571115764595-644a1f56a55c?w=800&fit=crop', NULL, NULL, 6, 1),
(7, 'B??ni Hammad Fort', '???????? ?????? ????????', 'Inscribed 1980', '?????????? 1980', 'https://images.unsplash.com/photo-1565967511849-76a60a516170?w=800&fit=crop', NULL, NULL, 7, 1);

--
-- Index pour les tables déchargées
--

--
-- Index pour la table `admin_users`
--
ALTER TABLE `admin_users`
  ADD PRIMARY KEY (`id`),
  ADD UNIQUE KEY `username` (`username`),
  ADD UNIQUE KEY `email` (`email`);

--
-- Index pour la table `calendar_items`
--
ALTER TABLE `calendar_items`
  ADD PRIMARY KEY (`id`),
  ADD KEY `month_id` (`month_id`);

--
-- Index pour la table `calendar_months`
--
ALTER TABLE `calendar_months`
  ADD PRIMARY KEY (`id`);

--
-- Index pour la table `destinations`
--
ALTER TABLE `destinations`
  ADD PRIMARY KEY (`id`);

--
-- Index pour la table `discover_cards`
--
ALTER TABLE `discover_cards`
  ADD PRIMARY KEY (`id`);

--
-- Index pour la table `discover_categories`
--
ALTER TABLE `discover_categories`
  ADD PRIMARY KEY (`id`);

--
-- Index pour la table `discover_items`
--
ALTER TABLE `discover_items`
  ADD PRIMARY KEY (`id`),
  ADD KEY `category_id` (`category_id`);

--
-- Index pour la table `events`
--
ALTER TABLE `events`
  ADD PRIMARY KEY (`id`);

--
-- Index pour la table `event_gallery`
--
ALTER TABLE `event_gallery`
  ADD PRIMARY KEY (`id`),
  ADD KEY `event_id` (`event_id`);

--
-- Index pour la table `event_tags`
--
ALTER TABLE `event_tags`
  ADD PRIMARY KEY (`id`),
  ADD KEY `event_id` (`event_id`);

--
-- Index pour la table `hero_slides`
--
ALTER TABLE `hero_slides`
  ADD PRIMARY KEY (`id`);

--
-- Index pour la table `panoramas`
--
ALTER TABLE `panoramas`
  ADD PRIMARY KEY (`id`);

--
-- Index pour la table `site_settings`
--
ALTER TABLE `site_settings`
  ADD PRIMARY KEY (`id`),
  ADD UNIQUE KEY `setting_key` (`setting_key`);

--
-- Index pour la table `suggestions`
--
ALTER TABLE `suggestions`
  ADD PRIMARY KEY (`id`);

--
-- Index pour la table `tour_locations`
--
ALTER TABLE `tour_locations`
  ADD PRIMARY KEY (`id`);

--
-- Index pour la table `tour_location_tags`
--
ALTER TABLE `tour_location_tags`
  ADD PRIMARY KEY (`id`),
  ADD KEY `tour_location_id` (`tour_location_id`);

--
-- Index pour la table `unesco_sites`
--
ALTER TABLE `unesco_sites`
  ADD PRIMARY KEY (`id`);

--
-- AUTO_INCREMENT pour les tables déchargées
--

--
-- AUTO_INCREMENT pour la table `admin_users`
--
ALTER TABLE `admin_users`
  MODIFY `id` int(11) NOT NULL AUTO_INCREMENT, AUTO_INCREMENT=3;

--
-- AUTO_INCREMENT pour la table `calendar_items`
--
ALTER TABLE `calendar_items`
  MODIFY `id` int(11) NOT NULL AUTO_INCREMENT, AUTO_INCREMENT=9;

--
-- AUTO_INCREMENT pour la table `calendar_months`
--
ALTER TABLE `calendar_months`
  MODIFY `id` int(11) NOT NULL AUTO_INCREMENT, AUTO_INCREMENT=5;

--
-- AUTO_INCREMENT pour la table `destinations`
--
ALTER TABLE `destinations`
  MODIFY `id` int(11) NOT NULL AUTO_INCREMENT, AUTO_INCREMENT=9;

--
-- AUTO_INCREMENT pour la table `discover_cards`
--
ALTER TABLE `discover_cards`
  MODIFY `id` int(11) NOT NULL AUTO_INCREMENT, AUTO_INCREMENT=4;

--
-- AUTO_INCREMENT pour la table `discover_categories`
--
ALTER TABLE `discover_categories`
  MODIFY `id` int(11) NOT NULL AUTO_INCREMENT, AUTO_INCREMENT=4;

--
-- AUTO_INCREMENT pour la table `discover_items`
--
ALTER TABLE `discover_items`
  MODIFY `id` int(11) NOT NULL AUTO_INCREMENT, AUTO_INCREMENT=8;

--
-- AUTO_INCREMENT pour la table `events`
--
ALTER TABLE `events`
  MODIFY `id` int(11) NOT NULL AUTO_INCREMENT, AUTO_INCREMENT=7;

--
-- AUTO_INCREMENT pour la table `event_gallery`
--
ALTER TABLE `event_gallery`
  MODIFY `id` int(11) NOT NULL AUTO_INCREMENT;

--
-- AUTO_INCREMENT pour la table `event_tags`
--
ALTER TABLE `event_tags`
  MODIFY `id` int(11) NOT NULL AUTO_INCREMENT, AUTO_INCREMENT=7;

--
-- AUTO_INCREMENT pour la table `hero_slides`
--
ALTER TABLE `hero_slides`
  MODIFY `id` int(11) NOT NULL AUTO_INCREMENT, AUTO_INCREMENT=10;

--
-- AUTO_INCREMENT pour la table `panoramas`
--
ALTER TABLE `panoramas`
  MODIFY `id` int(11) NOT NULL AUTO_INCREMENT, AUTO_INCREMENT=3;

--
-- AUTO_INCREMENT pour la table `site_settings`
--
ALTER TABLE `site_settings`
  MODIFY `id` int(11) NOT NULL AUTO_INCREMENT, AUTO_INCREMENT=16;

--
-- AUTO_INCREMENT pour la table `suggestions`
--
ALTER TABLE `suggestions`
  MODIFY `id` int(11) NOT NULL AUTO_INCREMENT, AUTO_INCREMENT=4;

--
-- AUTO_INCREMENT pour la table `tour_locations`
--
ALTER TABLE `tour_locations`
  MODIFY `id` int(11) NOT NULL AUTO_INCREMENT, AUTO_INCREMENT=4;

--
-- AUTO_INCREMENT pour la table `tour_location_tags`
--
ALTER TABLE `tour_location_tags`
  MODIFY `id` int(11) NOT NULL AUTO_INCREMENT, AUTO_INCREMENT=10;

--
-- AUTO_INCREMENT pour la table `unesco_sites`
--
ALTER TABLE `unesco_sites`
  MODIFY `id` int(11) NOT NULL AUTO_INCREMENT, AUTO_INCREMENT=8;

--
-- Contraintes pour les tables déchargées
--

--
-- Contraintes pour la table `calendar_items`
--
ALTER TABLE `calendar_items`
  ADD CONSTRAINT `calendar_items_ibfk_1` FOREIGN KEY (`month_id`) REFERENCES `calendar_months` (`id`) ON DELETE CASCADE;

--
-- Contraintes pour la table `discover_items`
--
ALTER TABLE `discover_items`
  ADD CONSTRAINT `discover_items_ibfk_1` FOREIGN KEY (`category_id`) REFERENCES `discover_categories` (`id`) ON DELETE CASCADE;

--
-- Contraintes pour la table `event_gallery`
--
ALTER TABLE `event_gallery`
  ADD CONSTRAINT `event_gallery_ibfk_1` FOREIGN KEY (`event_id`) REFERENCES `events` (`id`) ON DELETE CASCADE;

--
-- Contraintes pour la table `event_tags`
--
ALTER TABLE `event_tags`
  ADD CONSTRAINT `event_tags_ibfk_1` FOREIGN KEY (`event_id`) REFERENCES `events` (`id`) ON DELETE CASCADE;

--
-- Contraintes pour la table `tour_location_tags`
--
ALTER TABLE `tour_location_tags`
  ADD CONSTRAINT `tour_location_tags_ibfk_1` FOREIGN KEY (`tour_location_id`) REFERENCES `tour_locations` (`id`) ON DELETE CASCADE;
COMMIT;

/*!40101 SET CHARACTER_SET_CLIENT=@OLD_CHARACTER_SET_CLIENT */;
/*!40101 SET CHARACTER_SET_RESULTS=@OLD_CHARACTER_SET_RESULTS */;
/*!40101 SET COLLATION_CONNECTION=@OLD_COLLATION_CONNECTION */;
